GEO.id,GEO.id2,GEO.display-label,HD01_VD01,HD02_VD01
Id,Id2,Geography,Estimate; Median household income in the past 12 months (in 2014 Inflation-adjusted dollars),Margin of Error; Median household income in the past 12 months (in 2014 Inflation-adjusted dollars)
1400000US36081000100,36081000100,"Census Tract 1, Queens County, New York",125332,19627
1400000US36081000200,36081000200,"Census Tract 2, Queens County, New York",62070,8061
1400000US36081000400,36081000400,"Census Tract 4, Queens County, New York",53355,18542
1400000US36081000600,36081000600,"Census Tract 6, Queens County, New York",63793,10222
1400000US36081000700,36081000700,"Census Tract 7, Queens County, New York",82470,16400
1400000US36081000800,36081000800,"Census Tract 8, Queens County, New York",61250,14126
1400000US36081001000,36081001000,"Census Tract 10, Queens County, New York",62194,9463
1400000US36081001200,36081001200,"Census Tract 12, Queens County, New York",67690,9926
1400000US36081001400,36081001400,"Census Tract 14, Queens County, New York",75048,16726
1400000US36081001600,36081001600,"Census Tract 16, Queens County, New York",59013,12619
1400000US36081001800,36081001800,"Census Tract 18, Queens County, New York",59250,17810
1400000US36081001900,36081001900,"Census Tract 19, Queens County, New York",118563,21333
1400000US36081002000,36081002000,"Census Tract 20, Queens County, New York",77734,18704
1400000US36081002200,36081002200,"Census Tract 22, Queens County, New York",58333,18054
1400000US36081002400,36081002400,"Census Tract 24, Queens County, New York",62007,18325
1400000US36081002500,36081002500,"Census Tract 25, Queens County, New York",19227,3018
1400000US36081002600,36081002600,"Census Tract 26, Queens County, New York",77933,17278
1400000US36081002800,36081002800,"Census Tract 28, Queens County, New York",62298,12045
1400000US36081003000,36081003000,"Census Tract 30, Queens County, New York",41875,18135
1400000US36081003100,36081003100,"Census Tract 31, Queens County, New York",58214,20508
1400000US36081003200,36081003200,"Census Tract 32, Queens County, New York",75859,11062
1400000US36081003300,36081003300,"Census Tract 33, Queens County, New York",46681,11357
1400000US36081003400,36081003400,"Census Tract 34, Queens County, New York",75402,14705
1400000US36081003600,36081003600,"Census Tract 36, Queens County, New York",74727,14606
1400000US36081003700,36081003700,"Census Tract 37, Queens County, New York",-,**
1400000US36081003800,36081003800,"Census Tract 38, Queens County, New York",52540,14264
1400000US36081003900,36081003900,"Census Tract 39, Queens County, New York",42303,11909
1400000US36081004001,36081004001,"Census Tract 40.01, Queens County, New York",55500,14596
1400000US36081004002,36081004002,"Census Tract 40.02, Queens County, New York",63750,25043
1400000US36081004200,36081004200,"Census Tract 42, Queens County, New York",49227,8307
1400000US36081004300,36081004300,"Census Tract 43, Queens County, New York",18088,6698
1400000US36081004401,36081004401,"Census Tract 44.01, Queens County, New York",53000,7546
1400000US36081004500,36081004500,"Census Tract 45, Queens County, New York",70932,7387
1400000US36081004700,36081004700,"Census Tract 47, Queens County, New York",31292,10820
1400000US36081005000,36081005000,"Census Tract 50, Queens County, New York",-,**
1400000US36081005100,36081005100,"Census Tract 51, Queens County, New York",45652,5029
1400000US36081005200,36081005200,"Census Tract 52, Queens County, New York",57520,11917
1400000US36081005300,36081005300,"Census Tract 53, Queens County, New York",53228,8839
1400000US36081005400,36081005400,"Census Tract 54, Queens County, New York",58456,6555
1400000US36081005500,36081005500,"Census Tract 55, Queens County, New York",54779,12705
1400000US36081005700,36081005700,"Census Tract 57, Queens County, New York",59559,7394
1400000US36081005800,36081005800,"Census Tract 58, Queens County, New York",66518,8294
1400000US36081005900,36081005900,"Census Tract 59, Queens County, New York",65021,10669
1400000US36081006100,36081006100,"Census Tract 61, Queens County, New York",57277,11975
1400000US36081006201,36081006201,"Census Tract 62.01, Queens County, New York",60320,11684
1400000US36081006202,36081006202,"Census Tract 62.02, Queens County, New York",55783,10084
1400000US36081006300,36081006300,"Census Tract 63, Queens County, New York",57798,12193
1400000US36081006501,36081006501,"Census Tract 65.01, Queens County, New York",57045,5763
1400000US36081006502,36081006502,"Census Tract 65.02, Queens County, New York",66442,8921
1400000US36081006900,36081006900,"Census Tract 69, Queens County, New York",48177,11204
1400000US36081007100,36081007100,"Census Tract 71, Queens County, New York",63487,6586
1400000US36081007300,36081007300,"Census Tract 73, Queens County, New York",58750,18817
1400000US36081007500,36081007500,"Census Tract 75, Queens County, New York",59893,17739
1400000US36081007700,36081007700,"Census Tract 77, Queens County, New York",76458,12775
1400000US36081007900,36081007900,"Census Tract 79, Queens County, New York",34476,5079
1400000US36081008100,36081008100,"Census Tract 81, Queens County, New York",66384,18388
1400000US36081008300,36081008300,"Census Tract 83, Queens County, New York",47031,8304
1400000US36081008500,36081008500,"Census Tract 85, Queens County, New York",32271,4174
1400000US36081008600,36081008600,"Census Tract 86, Queens County, New York",70481,15088
1400000US36081008700,36081008700,"Census Tract 87, Queens County, New York",21250,3237
1400000US36081008800,36081008800,"Census Tract 88, Queens County, New York",84412,8993
1400000US36081009100,36081009100,"Census Tract 91, Queens County, New York",56042,16649
1400000US36081009400,36081009400,"Census Tract 94, Queens County, New York",55339,7770
1400000US36081009500,36081009500,"Census Tract 95, Queens County, New York",60111,5015
1400000US36081009600,36081009600,"Census Tract 96, Queens County, New York",66172,17599
1400000US36081009700,36081009700,"Census Tract 97, Queens County, New York",75357,10471
1400000US36081009800,36081009800,"Census Tract 98, Queens County, New York",63796,19957
1400000US36081009900,36081009900,"Census Tract 99, Queens County, New York",-,**
1400000US36081010000,36081010000,"Census Tract 100, Queens County, New York",64688,13940
1400000US36081010100,36081010100,"Census Tract 101, Queens County, New York",54362,10850
1400000US36081010200,36081010200,"Census Tract 102, Queens County, New York",58301,9033
1400000US36081010300,36081010300,"Census Tract 103, Queens County, New York",52614,11840
1400000US36081010400,36081010400,"Census Tract 104, Queens County, New York",62841,22301
1400000US36081010500,36081010500,"Census Tract 105, Queens County, New York",45111,9790
1400000US36081010600,36081010600,"Census Tract 106, Queens County, New York",53897,12704
1400000US36081010701,36081010701,"Census Tract 107.01, Queens County, New York",-,**
1400000US36081010800,36081010800,"Census Tract 108, Queens County, New York",50000,16856
1400000US36081011000,36081011000,"Census Tract 110, Queens County, New York",51920,13125
1400000US36081011100,36081011100,"Census Tract 111, Queens County, New York",64808,9947
1400000US36081011200,36081011200,"Census Tract 112, Queens County, New York",50027,8252
1400000US36081011300,36081011300,"Census Tract 113, Queens County, New York",59071,9261
1400000US36081011400,36081011400,"Census Tract 114, Queens County, New York",53333,34977
1400000US36081011500,36081011500,"Census Tract 115, Queens County, New York",62917,7230
1400000US36081011600,36081011600,"Census Tract 116, Queens County, New York",57780,2668
1400000US36081011700,36081011700,"Census Tract 117, Queens County, New York",61692,12046
1400000US36081011800,36081011800,"Census Tract 118, Queens County, New York",52938,7579
1400000US36081011900,36081011900,"Census Tract 119, Queens County, New York",56492,10361
1400000US36081012000,36081012000,"Census Tract 120, Queens County, New York",53750,18679
1400000US36081012100,36081012100,"Census Tract 121, Queens County, New York",57566,8145
1400000US36081012200,36081012200,"Census Tract 122, Queens County, New York",58472,7370
1400000US36081012301,36081012301,"Census Tract 123.01, Queens County, New York",65260,7102
1400000US36081012400,36081012400,"Census Tract 124, Queens County, New York",58209,4999
1400000US36081012500,36081012500,"Census Tract 125, Queens County, New York",57784,9152
1400000US36081012601,36081012601,"Census Tract 126.01, Queens County, New York",59397,14982
1400000US36081012602,36081012602,"Census Tract 126.02, Queens County, New York",57634,6670
1400000US36081012800,36081012800,"Census Tract 128, Queens County, New York",65319,7989
1400000US36081013000,36081013000,"Census Tract 130, Queens County, New York",63650,21713
1400000US36081013200,36081013200,"Census Tract 132, Queens County, New York",62083,24248
1400000US36081013400,36081013400,"Census Tract 134, Queens County, New York",63288,3859
1400000US36081013500,36081013500,"Census Tract 135, Queens County, New York",55956,18126
1400000US36081013600,36081013600,"Census Tract 136, Queens County, New York",58833,24936
1400000US36081013700,36081013700,"Census Tract 137, Queens County, New York",65463,17796
1400000US36081013800,36081013800,"Census Tract 138, Queens County, New York",62000,16138
1400000US36081014000,36081014000,"Census Tract 140, Queens County, New York",68611,6337
1400000US36081014100,36081014100,"Census Tract 141, Queens County, New York",64907,9494
1400000US36081014201,36081014201,"Census Tract 142.01, Queens County, New York",58438,9485
1400000US36081014202,36081014202,"Census Tract 142.02, Queens County, New York",63472,19195
1400000US36081014300,36081014300,"Census Tract 143, Queens County, New York",57281,7347
1400000US36081014400,36081014400,"Census Tract 144, Queens County, New York",46281,14960
1400000US36081014500,36081014500,"Census Tract 145, Queens County, New York",58095,14197
1400000US36081014700,36081014700,"Census Tract 147, Queens County, New York",52244,9881
1400000US36081014800,36081014800,"Census Tract 148, Queens County, New York",61205,8968
1400000US36081014900,36081014900,"Census Tract 149, Queens County, New York",74750,10783
1400000US36081015000,36081015000,"Census Tract 150, Queens County, New York",70450,9241
1400000US36081015100,36081015100,"Census Tract 151, Queens County, New York",61487,6811
1400000US36081015200,36081015200,"Census Tract 152, Queens County, New York",59512,9437
1400000US36081015300,36081015300,"Census Tract 153, Queens County, New York",51319,9895
1400000US36081015400,36081015400,"Census Tract 154, Queens County, New York",62500,18828
1400000US36081015500,36081015500,"Census Tract 155, Queens County, New York",69625,20339
1400000US36081015600,36081015600,"Census Tract 156, Queens County, New York",50068,12789
1400000US36081015700,36081015700,"Census Tract 157, Queens County, New York",45811,8229
1400000US36081015801,36081015801,"Census Tract 158.01, Queens County, New York",61055,21153
1400000US36081015802,36081015802,"Census Tract 158.02, Queens County, New York",47015,19459
1400000US36081015900,36081015900,"Census Tract 159, Queens County, New York",47472,6230
1400000US36081016100,36081016100,"Census Tract 161, Queens County, New York",50559,7418
1400000US36081016300,36081016300,"Census Tract 163, Queens County, New York",25625,4817
1400000US36081016400,36081016400,"Census Tract 164, Queens County, New York",65766,19034
1400000US36081016600,36081016600,"Census Tract 166, Queens County, New York",50000,17715
1400000US36081016800,36081016800,"Census Tract 168, Queens County, New York",66273,5642
1400000US36081016900,36081016900,"Census Tract 169, Queens County, New York",54194,11485
1400000US36081017000,36081017000,"Census Tract 170, Queens County, New York",49048,6413
1400000US36081017100,36081017100,"Census Tract 171, Queens County, New York",-,**
1400000US36081017200,36081017200,"Census Tract 172, Queens County, New York",60473,13691
1400000US36081017400,36081017400,"Census Tract 174, Queens County, New York",60469,15795
1400000US36081017600,36081017600,"Census Tract 176, Queens County, New York",49306,10899
1400000US36081017800,36081017800,"Census Tract 178, Queens County, New York",45441,5062
1400000US36081017900,36081017900,"Census Tract 179, Queens County, New York",39773,5770
1400000US36081018000,36081018000,"Census Tract 180, Queens County, New York",43558,14865
1400000US36081018101,36081018101,"Census Tract 181.01, Queens County, New York",41063,6391
1400000US36081018102,36081018102,"Census Tract 181.02, Queens County, New York",52935,10853
1400000US36081018200,36081018200,"Census Tract 182, Queens County, New York",56296,8813
1400000US36081018300,36081018300,"Census Tract 183, Queens County, New York",66908,15008
1400000US36081018401,36081018401,"Census Tract 184.01, Queens County, New York",58939,9677
1400000US36081018402,36081018402,"Census Tract 184.02, Queens County, New York",61333,16903
1400000US36081018501,36081018501,"Census Tract 185.01, Queens County, New York",56971,13169
1400000US36081018502,36081018502,"Census Tract 185.02, Queens County, New York",65869,5193
1400000US36081018600,36081018600,"Census Tract 186, Queens County, New York",66250,20830
1400000US36081018700,36081018700,"Census Tract 187, Queens County, New York",73571,20806
1400000US36081018800,36081018800,"Census Tract 188, Queens County, New York",71484,15720
1400000US36081018900,36081018900,"Census Tract 189, Queens County, New York",54429,5882
1400000US36081019000,36081019000,"Census Tract 190, Queens County, New York",71645,10005
1400000US36081019200,36081019200,"Census Tract 192, Queens County, New York",58264,14774
1400000US36081019400,36081019400,"Census Tract 194, Queens County, New York",60764,10806
1400000US36081019600,36081019600,"Census Tract 196, Queens County, New York",60581,3574
1400000US36081019800,36081019800,"Census Tract 198, Queens County, New York",40531,10099
1400000US36081019900,36081019900,"Census Tract 199, Queens County, New York",56801,18301
1400000US36081020200,36081020200,"Census Tract 202, Queens County, New York",55375,23017
1400000US36081020400,36081020400,"Census Tract 204, Queens County, New York",27418,24298
1400000US36081020500,36081020500,"Census Tract 205, Queens County, New York",46000,15503
1400000US36081020600,36081020600,"Census Tract 206, Queens County, New York",53013,15111
1400000US36081020800,36081020800,"Census Tract 208, Queens County, New York",59097,10858
1400000US36081021200,36081021200,"Census Tract 212, Queens County, New York",31576,19656
1400000US36081021400,36081021400,"Census Tract 214, Queens County, New York",47780,8052
1400000US36081021600,36081021600,"Census Tract 216, Queens County, New York",59792,15694
1400000US36081021900,36081021900,"Census Tract 219, Queens County, New York",-,**
1400000US36081022001,36081022001,"Census Tract 220.01, Queens County, New York",60558,8183
1400000US36081022002,36081022002,"Census Tract 220.02, Queens County, New York",61575,9718
1400000US36081022900,36081022900,"Census Tract 229, Queens County, New York",-,**
1400000US36081023000,36081023000,"Census Tract 230, Queens County, New York",109632,29030
1400000US36081023200,36081023200,"Census Tract 232, Queens County, New York",68457,9982
1400000US36081023500,36081023500,"Census Tract 235, Queens County, New York",46630,6545
1400000US36081023600,36081023600,"Census Tract 236, Queens County, New York",49250,14944
1400000US36081023800,36081023800,"Census Tract 238, Queens County, New York",38571,5685
1400000US36081024000,36081024000,"Census Tract 240, Queens County, New York",39926,7039
1400000US36081024300,36081024300,"Census Tract 243, Queens County, New York",62083,3797
1400000US36081024500,36081024500,"Census Tract 245, Queens County, New York",52138,11741
1400000US36081024600,36081024600,"Census Tract 246, Queens County, New York",-,**
1400000US36081024700,36081024700,"Census Tract 247, Queens County, New York",45500,10705
1400000US36081024900,36081024900,"Census Tract 249, Queens County, New York",56333,7883
1400000US36081025100,36081025100,"Census Tract 251, Queens County, New York",41496,4060
1400000US36081025301,36081025301,"Census Tract 253.01, Queens County, New York",54808,13779
1400000US36081025302,36081025302,"Census Tract 253.02, Queens County, New York",49669,11674
1400000US36081025400,36081025400,"Census Tract 254, Queens County, New York",41797,9315
1400000US36081025500,36081025500,"Census Tract 255, Queens County, New York",81167,25701
1400000US36081025700,36081025700,"Census Tract 257, Queens County, New York",61023,15851
1400000US36081025800,36081025800,"Census Tract 258, Queens County, New York",56346,19354
1400000US36081025900,36081025900,"Census Tract 259, Queens County, New York",48257,5017
1400000US36081026000,36081026000,"Census Tract 260, Queens County, New York",41207,5448
1400000US36081026100,36081026100,"Census Tract 261, Queens County, New York",41927,4662
1400000US36081026200,36081026200,"Census Tract 262, Queens County, New York",66473,15387
1400000US36081026300,36081026300,"Census Tract 263, Queens County, New York",51813,8263
1400000US36081026400,36081026400,"Census Tract 264, Queens County, New York",48083,9772
1400000US36081026500,36081026500,"Census Tract 265, Queens County, New York",50049,4348
1400000US36081026600,36081026600,"Census Tract 266, Queens County, New York",26648,10988
1400000US36081026700,36081026700,"Census Tract 267, Queens County, New York",50139,6391
1400000US36081026901,36081026901,"Census Tract 269.01, Queens County, New York",44524,9075
1400000US36081026902,36081026902,"Census Tract 269.02, Queens County, New York",43707,14310
1400000US36081027000,36081027000,"Census Tract 270, Queens County, New York",34400,8312
1400000US36081027100,36081027100,"Census Tract 271, Queens County, New York",56176,15245
1400000US36081027200,36081027200,"Census Tract 272, Queens County, New York",67875,24400
1400000US36081027300,36081027300,"Census Tract 273, Queens County, New York",39167,10790
1400000US36081027400,36081027400,"Census Tract 274, Queens County, New York",54727,5244
1400000US36081027500,36081027500,"Census Tract 275, Queens County, New York",45230,10979
1400000US36081027600,36081027600,"Census Tract 276, Queens County, New York",39882,27286
1400000US36081027700,36081027700,"Census Tract 277, Queens County, New York",39129,3802
1400000US36081027800,36081027800,"Census Tract 278, Queens County, New York",37989,9114
1400000US36081027900,36081027900,"Census Tract 279, Queens County, New York",40913,10004
1400000US36081028000,36081028000,"Census Tract 280, Queens County, New York",67025,22571
1400000US36081028100,36081028100,"Census Tract 281, Queens County, New York",48602,6408
1400000US36081028200,36081028200,"Census Tract 282, Queens County, New York",72202,16955
1400000US36081028300,36081028300,"Census Tract 283, Queens County, New York",55472,4892
1400000US36081028400,36081028400,"Census Tract 284, Queens County, New York",59561,12847
1400000US36081028500,36081028500,"Census Tract 285, Queens County, New York",57137,11015
1400000US36081028700,36081028700,"Census Tract 287, Queens County, New York",44414,5049
1400000US36081028800,36081028800,"Census Tract 288, Queens County, New York",65167,10226
1400000US36081028900,36081028900,"Census Tract 289, Queens County, New York",60439,14676
1400000US36081029100,36081029100,"Census Tract 291, Queens County, New York",35462,6651
1400000US36081029300,36081029300,"Census Tract 293, Queens County, New York",59727,5103
1400000US36081029400,36081029400,"Census Tract 294, Queens County, New York",65680,15113
1400000US36081029500,36081029500,"Census Tract 295, Queens County, New York",69274,11284
1400000US36081029700,36081029700,"Census Tract 297, Queens County, New York",62130,11465
1400000US36081029900,36081029900,"Census Tract 299, Queens County, New York",-,**
1400000US36081030600,36081030600,"Census Tract 306, Queens County, New York",83045,9612
1400000US36081030902,36081030902,"Census Tract 309.02, Queens County, New York",46992,7347
1400000US36081030903,36081030903,"Census Tract 309.03, Queens County, New York",53007,3695
1400000US36081030904,36081030904,"Census Tract 309.04, Queens County, New York",55694,22900
1400000US36081031700,36081031700,"Census Tract 317, Queens County, New York",66982,13645
1400000US36081032000,36081032000,"Census Tract 320, Queens County, New York",71801,11136
1400000US36081032700,36081032700,"Census Tract 327, Queens County, New York",55901,10095
1400000US36081032800,36081032800,"Census Tract 328, Queens County, New York",62411,12887
1400000US36081032900,36081032900,"Census Tract 329, Queens County, New York",67009,5028
1400000US36081033000,36081033000,"Census Tract 330, Queens County, New York",75190,15621
1400000US36081033100,36081033100,"Census Tract 331, Queens County, New York",-,**
1400000US36081033401,36081033401,"Census Tract 334.01, Queens County, New York",66707,8224
1400000US36081033402,36081033402,"Census Tract 334.02, Queens County, New York",40736,6177
1400000US36081033700,36081033700,"Census Tract 337, Queens County, New York",45479,11556
1400000US36081033900,36081033900,"Census Tract 339, Queens County, New York",66875,14703
1400000US36081034700,36081034700,"Census Tract 347, Queens County, New York",48225,12459
1400000US36081035100,36081035100,"Census Tract 351, Queens County, New York",60625,5660
1400000US36081035200,36081035200,"Census Tract 352, Queens County, New York",71875,13368
1400000US36081035300,36081035300,"Census Tract 353, Queens County, New York",50273,9568
1400000US36081035700,36081035700,"Census Tract 357, Queens County, New York",44314,8217
1400000US36081035800,36081035800,"Census Tract 358, Queens County, New York",69844,11545
1400000US36081036100,36081036100,"Census Tract 361, Queens County, New York",45104,15457
1400000US36081036300,36081036300,"Census Tract 363, Queens County, New York",62821,20156
1400000US36081036500,36081036500,"Census Tract 365, Queens County, New York",62813,11277
1400000US36081036600,36081036600,"Census Tract 366, Queens County, New York",76027,18888
1400000US36081036700,36081036700,"Census Tract 367, Queens County, New York",60231,11227
1400000US36081036800,36081036800,"Census Tract 368, Queens County, New York",72900,9944
1400000US36081037100,36081037100,"Census Tract 371, Queens County, New York",55982,25252
1400000US36081037300,36081037300,"Census Tract 373, Queens County, New York",51912,12828
1400000US36081037500,36081037500,"Census Tract 375, Queens County, New York",45854,9080
1400000US36081037600,36081037600,"Census Tract 376, Queens County, New York",77165,7976
1400000US36081037700,36081037700,"Census Tract 377, Queens County, New York",39403,6518
1400000US36081037900,36081037900,"Census Tract 379, Queens County, New York",52711,5282
1400000US36081038100,36081038100,"Census Tract 381, Queens County, New York",48597,13658
1400000US36081038301,36081038301,"Census Tract 383.01, Queens County, New York",-,**
1400000US36081038302,36081038302,"Census Tract 383.02, Queens County, New York",-,**
1400000US36081038400,36081038400,"Census Tract 384, Queens County, New York",65721,9067
1400000US36081039400,36081039400,"Census Tract 394, Queens County, New York",57095,8019
1400000US36081039800,36081039800,"Census Tract 398, Queens County, New York",68523,21123
1400000US36081039900,36081039900,"Census Tract 399, Queens County, New York",40764,11435
1400000US36081040000,36081040000,"Census Tract 400, Queens County, New York",60438,22562
1400000US36081040100,36081040100,"Census Tract 401, Queens County, New York",46792,4803
1400000US36081040200,36081040200,"Census Tract 402, Queens County, New York",81705,13748
1400000US36081040300,36081040300,"Census Tract 403, Queens County, New York",48775,10102
1400000US36081040400,36081040400,"Census Tract 404, Queens County, New York",44280,7634
1400000US36081040500,36081040500,"Census Tract 405, Queens County, New York",44904,8296
1400000US36081040700,36081040700,"Census Tract 407, Queens County, New York",36807,11711
1400000US36081040900,36081040900,"Census Tract 409, Queens County, New York",46477,6916
1400000US36081041100,36081041100,"Census Tract 411, Queens County, New York",45833,13697
1400000US36081041300,36081041300,"Census Tract 413, Queens County, New York",52903,19403
1400000US36081041400,36081041400,"Census Tract 414, Queens County, New York",42379,10348
1400000US36081041500,36081041500,"Census Tract 415, Queens County, New York",39688,8410
1400000US36081042400,36081042400,"Census Tract 424, Queens County, New York",73542,31432
1400000US36081042600,36081042600,"Census Tract 426, Queens County, New York",-,**
1400000US36081042700,36081042700,"Census Tract 427, Queens County, New York",45417,6809
1400000US36081043200,36081043200,"Census Tract 432, Queens County, New York",93214,11315
1400000US36081043400,36081043400,"Census Tract 434, Queens County, New York",84617,14126
1400000US36081043701,36081043701,"Census Tract 437.01, Queens County, New York",47333,16571
1400000US36081043702,36081043702,"Census Tract 437.02, Queens County, New York",37411,9225
1400000US36081043900,36081043900,"Census Tract 439, Queens County, New York",40185,13411
1400000US36081044000,36081044000,"Census Tract 440, Queens County, New York",55203,8746
1400000US36081044301,36081044301,"Census Tract 443.01, Queens County, New York",20958,8055
1400000US36081044302,36081044302,"Census Tract 443.02, Queens County, New York",54057,12726
1400000US36081044400,36081044400,"Census Tract 444, Queens County, New York",25500,6684
1400000US36081044601,36081044601,"Census Tract 446.01, Queens County, New York",39632,8094
1400000US36081044602,36081044602,"Census Tract 446.02, Queens County, New York",39728,5948
1400000US36081044800,36081044800,"Census Tract 448, Queens County, New York",46607,11371
1400000US36081045000,36081045000,"Census Tract 450, Queens County, New York",51500,14227
1400000US36081045200,36081045200,"Census Tract 452, Queens County, New York",42000,26135
1400000US36081045400,36081045400,"Census Tract 454, Queens County, New York",55179,11539
1400000US36081045500,36081045500,"Census Tract 455, Queens County, New York",48070,6553
1400000US36081045600,36081045600,"Census Tract 456, Queens County, New York",60139,24295
1400000US36081045700,36081045700,"Census Tract 457, Queens County, New York",63750,7879
1400000US36081045800,36081045800,"Census Tract 458, Queens County, New York",58750,27954
1400000US36081045900,36081045900,"Census Tract 459, Queens County, New York",59074,8252
1400000US36081046000,36081046000,"Census Tract 460, Queens County, New York",26233,3514
1400000US36081046100,36081046100,"Census Tract 461, Queens County, New York",48060,10117
1400000US36081046200,36081046200,"Census Tract 462, Queens County, New York",40637,9034
1400000US36081046300,36081046300,"Census Tract 463, Queens County, New York",41339,8964
1400000US36081046400,36081046400,"Census Tract 464, Queens County, New York",92303,26911
1400000US36081046500,36081046500,"Census Tract 465, Queens County, New York",41615,21847
1400000US36081046600,36081046600,"Census Tract 466, Queens County, New York",52059,9387
1400000US36081046700,36081046700,"Census Tract 467, Queens County, New York",39138,9156
1400000US36081046800,36081046800,"Census Tract 468, Queens County, New York",40942,6633
1400000US36081046900,36081046900,"Census Tract 469, Queens County, New York",45157,5523
1400000US36081047000,36081047000,"Census Tract 470, Queens County, New York",56033,12412
1400000US36081047100,36081047100,"Census Tract 471, Queens County, New York",41625,17440
1400000US36081047200,36081047200,"Census Tract 472, Queens County, New York",72924,12182
1400000US36081047300,36081047300,"Census Tract 473, Queens County, New York",54554,6432
1400000US36081047500,36081047500,"Census Tract 475, Queens County, New York",51905,12370
1400000US36081047600,36081047600,"Census Tract 476, Queens County, New York",107969,29424
1400000US36081047800,36081047800,"Census Tract 478, Queens County, New York",71695,17114
1400000US36081047900,36081047900,"Census Tract 479, Queens County, New York",57651,10577
1400000US36081048000,36081048000,"Census Tract 480, Queens County, New York",61462,11766
1400000US36081048100,36081048100,"Census Tract 481, Queens County, New York",38078,7925
1400000US36081048200,36081048200,"Census Tract 482, Queens County, New York",82750,29423
1400000US36081048300,36081048300,"Census Tract 483, Queens County, New York",49634,6112
1400000US36081048400,36081048400,"Census Tract 484, Queens County, New York",55750,8597
1400000US36081048500,36081048500,"Census Tract 485, Queens County, New York",58819,5331
1400000US36081048900,36081048900,"Census Tract 489, Queens County, New York",61451,9751
1400000US36081049200,36081049200,"Census Tract 492, Queens County, New York",51455,5496
1400000US36081049301,36081049301,"Census Tract 493.01, Queens County, New York",58304,7132
1400000US36081049302,36081049302,"Census Tract 493.02, Queens County, New York",57188,21495
1400000US36081049500,36081049500,"Census Tract 495, Queens County, New York",62422,13009
1400000US36081049600,36081049600,"Census Tract 496, Queens County, New York",70686,8433
1400000US36081049700,36081049700,"Census Tract 497, Queens County, New York",46962,11171
1400000US36081049900,36081049900,"Census Tract 499, Queens County, New York",54500,11134
1400000US36081050000,36081050000,"Census Tract 500, Queens County, New York",38621,8428
1400000US36081050201,36081050201,"Census Tract 502.01, Queens County, New York",78000,9937
1400000US36081050202,36081050202,"Census Tract 502.02, Queens County, New York",82813,35503
1400000US36081050400,36081050400,"Census Tract 504, Queens County, New York",63692,9316
1400000US36081050500,36081050500,"Census Tract 505, Queens County, New York",65833,16964
1400000US36081050600,36081050600,"Census Tract 506, Queens County, New York",74306,30045
1400000US36081050700,36081050700,"Census Tract 507, Queens County, New York",76680,8179
1400000US36081050800,36081050800,"Census Tract 508, Queens County, New York",59196,8438
1400000US36081051000,36081051000,"Census Tract 510, Queens County, New York",88750,19466
1400000US36081051100,36081051100,"Census Tract 511, Queens County, New York",68750,20029
1400000US36081051200,36081051200,"Census Tract 512, Queens County, New York",76667,16606
1400000US36081051300,36081051300,"Census Tract 513, Queens County, New York",57500,10834
1400000US36081051500,36081051500,"Census Tract 515, Queens County, New York",61635,14420
1400000US36081051600,36081051600,"Census Tract 516, Queens County, New York",60625,20351
1400000US36081051700,36081051700,"Census Tract 517, Queens County, New York",52750,14185
1400000US36081051800,36081051800,"Census Tract 518, Queens County, New York",81115,12041
1400000US36081052000,36081052000,"Census Tract 520, Queens County, New York",103254,13670
1400000US36081052100,36081052100,"Census Tract 521, Queens County, New York",51853,12660
1400000US36081052200,36081052200,"Census Tract 522, Queens County, New York",71667,15794
1400000US36081052400,36081052400,"Census Tract 524, Queens County, New York",67768,15044
1400000US36081052500,36081052500,"Census Tract 525, Queens County, New York",57583,12246
1400000US36081052600,36081052600,"Census Tract 526, Queens County, New York",79306,23074
1400000US36081052800,36081052800,"Census Tract 528, Queens County, New York",59125,8708
1400000US36081053000,36081053000,"Census Tract 530, Queens County, New York",52440,10720
1400000US36081053100,36081053100,"Census Tract 531, Queens County, New York",42296,8679
1400000US36081053200,36081053200,"Census Tract 532, Queens County, New York",88438,12822
1400000US36081053401,36081053401,"Census Tract 534.01, Queens County, New York",69318,17334
1400000US36081053500,36081053500,"Census Tract 535, Queens County, New York",60000,25338
1400000US36081053601,36081053601,"Census Tract 536.01, Queens County, New York",69625,18929
1400000US36081053800,36081053800,"Census Tract 538, Queens County, New York",61964,33403
1400000US36081053900,36081053900,"Census Tract 539, Queens County, New York",51991,14002
1400000US36081054000,36081054000,"Census Tract 540, Queens County, New York",46071,10071
1400000US36081054200,36081054200,"Census Tract 542, Queens County, New York",81175,12363
1400000US36081054500,36081054500,"Census Tract 545, Queens County, New York",49750,13446
1400000US36081054700,36081054700,"Census Tract 547, Queens County, New York",53832,13414
1400000US36081054800,36081054800,"Census Tract 548, Queens County, New York",80764,15573
1400000US36081054900,36081054900,"Census Tract 549, Queens County, New York",39612,5716
1400000US36081055100,36081055100,"Census Tract 551, Queens County, New York",39982,8426
1400000US36081055200,36081055200,"Census Tract 552, Queens County, New York",65208,25654
1400000US36081055300,36081055300,"Census Tract 553, Queens County, New York",41189,10443
1400000US36081055400,36081055400,"Census Tract 554, Queens County, New York",70212,11012
1400000US36081055500,36081055500,"Census Tract 555, Queens County, New York",46121,5210
1400000US36081055600,36081055600,"Census Tract 556, Queens County, New York",76071,9869
1400000US36081055700,36081055700,"Census Tract 557, Queens County, New York",42328,5605
1400000US36081055800,36081055800,"Census Tract 558, Queens County, New York",85473,8104
1400000US36081055900,36081055900,"Census Tract 559, Queens County, New York",59868,12831
1400000US36081056000,36081056000,"Census Tract 560, Queens County, New York",58500,12894
1400000US36081056100,36081056100,"Census Tract 561, Queens County, New York",112375,10514
1400000US36081056200,36081056200,"Census Tract 562, Queens County, New York",61032,12298
1400000US36081056400,36081056400,"Census Tract 564, Queens County, New York",43839,8186
1400000US36081056500,36081056500,"Census Tract 565, Queens County, New York",47143,18091
1400000US36081056600,36081056600,"Census Tract 566, Queens County, New York",81250,29420
1400000US36081056700,36081056700,"Census Tract 567, Queens County, New York",65313,11480
1400000US36081056800,36081056800,"Census Tract 568, Queens County, New York",77813,20097
1400000US36081057700,36081057700,"Census Tract 577, Queens County, New York",65373,12295
1400000US36081057900,36081057900,"Census Tract 579, Queens County, New York",46080,14788
1400000US36081058000,36081058000,"Census Tract 580, Queens County, New York",77784,11818
1400000US36081058100,36081058100,"Census Tract 581, Queens County, New York",55000,12718
1400000US36081058200,36081058200,"Census Tract 582, Queens County, New York",82598,9743
1400000US36081058300,36081058300,"Census Tract 583, Queens County, New York",54467,17392
1400000US36081058500,36081058500,"Census Tract 585, Queens County, New York",55000,10189
1400000US36081058700,36081058700,"Census Tract 587, Queens County, New York",47019,12666
1400000US36081058900,36081058900,"Census Tract 589, Queens County, New York",44875,7832
1400000US36081059000,36081059000,"Census Tract 590, Queens County, New York",70750,46544
1400000US36081059100,36081059100,"Census Tract 591, Queens County, New York",49664,12545
1400000US36081059200,36081059200,"Census Tract 592, Queens County, New York",61250,28988
1400000US36081059300,36081059300,"Census Tract 593, Queens County, New York",52106,6075
1400000US36081059400,36081059400,"Census Tract 594, Queens County, New York",100132,22078
1400000US36081059500,36081059500,"Census Tract 595, Queens County, New York",57426,10137
1400000US36081059600,36081059600,"Census Tract 596, Queens County, New York",93362,30937
1400000US36081059800,36081059800,"Census Tract 598, Queens County, New York",73750,31025
1400000US36081059900,36081059900,"Census Tract 599, Queens County, New York",54635,8391
1400000US36081060000,36081060000,"Census Tract 600, Queens County, New York",63500,37352
1400000US36081060100,36081060100,"Census Tract 601, Queens County, New York",67898,8582
1400000US36081060300,36081060300,"Census Tract 603, Queens County, New York",67981,10535
1400000US36081060600,36081060600,"Census Tract 606, Queens County, New York",82692,22230
1400000US36081060701,36081060701,"Census Tract 607.01, Queens County, New York",-,**
1400000US36081060800,36081060800,"Census Tract 608, Queens County, New York",83558,28188
1400000US36081061000,36081061000,"Census Tract 610, Queens County, New York",74417,17494
1400000US36081061200,36081061200,"Census Tract 612, Queens County, New York",111000,36126
1400000US36081061301,36081061301,"Census Tract 613.01, Queens County, New York",51103,20216
1400000US36081061302,36081061302,"Census Tract 613.02, Queens County, New York",-,**
1400000US36081061400,36081061400,"Census Tract 614, Queens County, New York",100391,18368
1400000US36081061601,36081061601,"Census Tract 616.01, Queens County, New York",108464,16653
1400000US36081061602,36081061602,"Census Tract 616.02, Queens County, New York",83281,35785
1400000US36081061800,36081061800,"Census Tract 618, Queens County, New York",67462,18524
1400000US36081061900,36081061900,"Census Tract 619, Queens County, New York",69663,20631
1400000US36081062000,36081062000,"Census Tract 620, Queens County, New York",89621,12985
1400000US36081062100,36081062100,"Census Tract 621, Queens County, New York",55976,5669
1400000US36081062200,36081062200,"Census Tract 622, Queens County, New York",71983,14937
1400000US36081062300,36081062300,"Census Tract 623, Queens County, New York",54891,23772
1400000US36081062400,36081062400,"Census Tract 624, Queens County, New York",-,**
1400000US36081062500,36081062500,"Census Tract 625, Queens County, New York",66858,6757
1400000US36081062600,36081062600,"Census Tract 626, Queens County, New York",87361,14477
1400000US36081062700,36081062700,"Census Tract 627, Queens County, New York",63667,14146
1400000US36081062900,36081062900,"Census Tract 629, Queens County, New York",58409,17857
1400000US36081063000,36081063000,"Census Tract 630, Queens County, New York",79674,36709
1400000US36081063200,36081063200,"Census Tract 632, Queens County, New York",89563,11758
1400000US36081063301,36081063301,"Census Tract 633.01, Queens County, New York",67125,13182
1400000US36081063302,36081063302,"Census Tract 633.02, Queens County, New York",67431,9526
1400000US36081063500,36081063500,"Census Tract 635, Queens County, New York",62000,27779
1400000US36081063700,36081063700,"Census Tract 637, Queens County, New York",83563,25364
1400000US36081063800,36081063800,"Census Tract 638, Queens County, New York",91346,30608
1400000US36081063900,36081063900,"Census Tract 639, Queens County, New York",67232,13661
1400000US36081064101,36081064101,"Census Tract 641.01, Queens County, New York",52230,8825
1400000US36081064102,36081064102,"Census Tract 641.02, Queens County, New York",20250,73003
1400000US36081064500,36081064500,"Census Tract 645, Queens County, New York",83636,16782
1400000US36081064600,36081064600,"Census Tract 646, Queens County, New York",91750,16311
1400000US36081065000,36081065000,"Census Tract 650, Queens County, New York",78438,21244
1400000US36081065400,36081065400,"Census Tract 654, Queens County, New York",78650,18556
1400000US36081065501,36081065501,"Census Tract 655.01, Queens County, New York",-,**
1400000US36081065600,36081065600,"Census Tract 656, Queens County, New York",66290,11144
1400000US36081065702,36081065702,"Census Tract 657.02, Queens County, New York",64750,28303
1400000US36081065703,36081065703,"Census Tract 657.03, Queens County, New York",73125,20089
1400000US36081065900,36081065900,"Census Tract 659, Queens County, New York",92750,30187
1400000US36081066000,36081066000,"Census Tract 660, Queens County, New York",99716,13669
1400000US36081066100,36081066100,"Census Tract 661, Queens County, New York",76542,13655
1400000US36081066300,36081066300,"Census Tract 663, Queens County, New York",81875,17020
1400000US36081066400,36081066400,"Census Tract 664, Queens County, New York",84450,11087
1400000US36081066501,36081066501,"Census Tract 665.01, Queens County, New York",71547,17320
1400000US36081066701,36081066701,"Census Tract 667.01, Queens County, New York",61944,11923
1400000US36081066900,36081066900,"Census Tract 669, Queens County, New York",82750,19983
1400000US36081067100,36081067100,"Census Tract 671, Queens County, New York",64808,11980
1400000US36081067700,36081067700,"Census Tract 677, Queens County, New York",88235,17491
1400000US36081067900,36081067900,"Census Tract 679, Queens County, New York",47391,12713
1400000US36081068000,36081068000,"Census Tract 680, Queens County, New York",80378,14438
1400000US36081068200,36081068200,"Census Tract 682, Queens County, New York",85625,37715
1400000US36081068300,36081068300,"Census Tract 683, Queens County, New York",60317,6580
1400000US36081068700,36081068700,"Census Tract 687, Queens County, New York",56121,10437
1400000US36081069000,36081069000,"Census Tract 690, Queens County, New York",76094,18850
1400000US36081069300,36081069300,"Census Tract 693, Queens County, New York",45785,7617
1400000US36081069400,36081069400,"Census Tract 694, Queens County, New York",81724,16809
1400000US36081069500,36081069500,"Census Tract 695, Queens County, New York",49107,8605
1400000US36081069701,36081069701,"Census Tract 697.01, Queens County, New York",50525,5423
1400000US36081069702,36081069702,"Census Tract 697.02, Queens County, New York",61855,12820
1400000US36081070300,36081070300,"Census Tract 703, Queens County, New York",64737,8322
1400000US36081070700,36081070700,"Census Tract 707, Queens County, New York",91071,47216
1400000US36081070900,36081070900,"Census Tract 709, Queens County, New York",99531,16349
1400000US36081071100,36081071100,"Census Tract 711, Queens County, New York",57592,11238
1400000US36081071303,36081071303,"Census Tract 713.03, Queens County, New York",73896,7406
1400000US36081071304,36081071304,"Census Tract 713.04, Queens County, New York",54226,3375
1400000US36081071305,36081071305,"Census Tract 713.05, Queens County, New York",77940,14183
1400000US36081071306,36081071306,"Census Tract 713.06, Queens County, New York",60335,16553
1400000US36081071600,36081071600,"Census Tract 716, Queens County, New York",-,**
1400000US36081071701,36081071701,"Census Tract 717.01, Queens County, New York",51016,11529
1400000US36081071702,36081071702,"Census Tract 717.02, Queens County, New York",38627,5235
1400000US36081071900,36081071900,"Census Tract 719, Queens County, New York",54563,13674
1400000US36081072100,36081072100,"Census Tract 721, Queens County, New York",49699,7778
1400000US36081072300,36081072300,"Census Tract 723, Queens County, New York",120938,31187
1400000US36081072900,36081072900,"Census Tract 729, Queens County, New York",90580,18317
1400000US36081073100,36081073100,"Census Tract 731, Queens County, New York",110417,10563
1400000US36081073700,36081073700,"Census Tract 737, Queens County, New York",73051,15132
1400000US36081073900,36081073900,"Census Tract 739, Queens County, New York",75828,7567
1400000US36081074100,36081074100,"Census Tract 741, Queens County, New York",67744,5866
1400000US36081074300,36081074300,"Census Tract 743, Queens County, New York",51620,4895
1400000US36081074500,36081074500,"Census Tract 745, Queens County, New York",36550,17298
1400000US36081074700,36081074700,"Census Tract 747, Queens County, New York",60000,8342
1400000US36081074900,36081074900,"Census Tract 749, Queens County, New York",109688,49042
1400000US36081075701,36081075701,"Census Tract 757.01, Queens County, New York",75382,18282
1400000US36081075702,36081075702,"Census Tract 757.02, Queens County, New York",71875,19543
1400000US36081076901,36081076901,"Census Tract 769.01, Queens County, New York",81297,11106
1400000US36081076902,36081076902,"Census Tract 769.02, Queens County, New York",84960,8790
1400000US36081077300,36081077300,"Census Tract 773, Queens County, New York",71178,7985
1400000US36081077500,36081077500,"Census Tract 775, Queens County, New York",75341,31751
1400000US36081077902,36081077902,"Census Tract 779.02, Queens County, New York",93059,13078
1400000US36081077903,36081077903,"Census Tract 779.03, Queens County, New York",67670,17873
1400000US36081077904,36081077904,"Census Tract 779.04, Queens County, New York",59980,9562
1400000US36081077905,36081077905,"Census Tract 779.05, Queens County, New York",63776,19523
1400000US36081077906,36081077906,"Census Tract 779.06, Queens County, New York",50932,5489
1400000US36081077907,36081077907,"Census Tract 779.07, Queens County, New York",41118,16669
1400000US36081077908,36081077908,"Census Tract 779.08, Queens County, New York",46731,8191
1400000US36081078800,36081078800,"Census Tract 788, Queens County, New York",58750,9890
1400000US36081079000,36081079000,"Census Tract 790, Queens County, New York",55625,12540
1400000US36081079200,36081079200,"Census Tract 792, Queens County, New York",64083,16549
1400000US36081079300,36081079300,"Census Tract 793, Queens County, New York",-,**
1400000US36081079701,36081079701,"Census Tract 797.01, Queens County, New York",52431,11925
1400000US36081079702,36081079702,"Census Tract 797.02, Queens County, New York",35547,11755
1400000US36081079900,36081079900,"Census Tract 799, Queens County, New York",45000,19298
1400000US36081080301,36081080301,"Census Tract 803.01, Queens County, New York",49572,7785
1400000US36081080302,36081080302,"Census Tract 803.02, Queens County, New York",53882,9548
1400000US36081080900,36081080900,"Census Tract 809, Queens County, New York",81250,16907
1400000US36081081400,36081081400,"Census Tract 814, Queens County, New York",54612,17188
1400000US36081081800,36081081800,"Census Tract 818, Queens County, New York",48992,12359
1400000US36081083700,36081083700,"Census Tract 837, Queens County, New York",51535,7501
1400000US36081083800,36081083800,"Census Tract 838, Queens County, New York",63902,10705
1400000US36081084000,36081084000,"Census Tract 840, Queens County, New York",57661,15870
1400000US36081084500,36081084500,"Census Tract 845, Queens County, New York",24818,2230
1400000US36081084601,36081084601,"Census Tract 846.01, Queens County, New York",61382,25748
1400000US36081084602,36081084602,"Census Tract 846.02, Queens County, New York",60375,11852
1400000US36081084900,36081084900,"Census Tract 849, Queens County, New York",32195,7919
1400000US36081085300,36081085300,"Census Tract 853, Queens County, New York",32217,9031
1400000US36081085500,36081085500,"Census Tract 855, Queens County, New York",48497,9002
1400000US36081085700,36081085700,"Census Tract 857, Queens County, New York",37643,9013
1400000US36081085900,36081085900,"Census Tract 859, Queens County, New York",36903,5022
1400000US36081086100,36081086100,"Census Tract 861, Queens County, New York",47887,10723
1400000US36081086300,36081086300,"Census Tract 863, Queens County, New York",32094,4330
1400000US36081086400,36081086400,"Census Tract 864, Queens County, New York",58309,10594
1400000US36081086500,36081086500,"Census Tract 865, Queens County, New York",36657,9074
1400000US36081086900,36081086900,"Census Tract 869, Queens County, New York",37083,10166
1400000US36081087100,36081087100,"Census Tract 871, Queens County, New York",25069,9206
1400000US36081088400,36081088400,"Census Tract 884, Queens County, New York",76496,10495
1400000US36081088901,36081088901,"Census Tract 889.01, Queens County, New York",50630,9510
1400000US36081089200,36081089200,"Census Tract 892, Queens County, New York",86741,16885
1400000US36081090700,36081090700,"Census Tract 907, Queens County, New York",47857,21415
1400000US36081091601,36081091601,"Census Tract 916.01, Queens County, New York",82230,14813
1400000US36081091602,36081091602,"Census Tract 916.02, Queens County, New York",-,**
1400000US36081091800,36081091800,"Census Tract 918, Queens County, New York",-,**
1400000US36081091900,36081091900,"Census Tract 919, Queens County, New York",55613,11842
1400000US36081092200,36081092200,"Census Tract 922, Queens County, New York",130114,17695
1400000US36081092500,36081092500,"Census Tract 925, Queens County, New York",51179,8939
1400000US36081092800,36081092800,"Census Tract 928, Queens County, New York",122917,22348
1400000US36081092900,36081092900,"Census Tract 929, Queens County, New York",55162,7373
1400000US36081093401,36081093401,"Census Tract 934.01, Queens County, New York",81182,7194
1400000US36081093402,36081093402,"Census Tract 934.02, Queens County, New York",83313,9854
1400000US36081093800,36081093800,"Census Tract 938, Queens County, New York",42607,12518
1400000US36081093900,36081093900,"Census Tract 939, Queens County, New York",70556,13653
1400000US36081094201,36081094201,"Census Tract 942.01, Queens County, New York",54496,4774
1400000US36081094202,36081094202,"Census Tract 942.02, Queens County, New York",47292,17571
1400000US36081094203,36081094203,"Census Tract 942.03, Queens County, New York",44502,2781
1400000US36081094500,36081094500,"Census Tract 945, Queens County, New York",72159,13785
1400000US36081094700,36081094700,"Census Tract 947, Queens County, New York",64485,7155
1400000US36081095400,36081095400,"Census Tract 954, Queens County, New York",56250,18242
1400000US36081096400,36081096400,"Census Tract 964, Queens County, New York",62702,10905
1400000US36081097202,36081097202,"Census Tract 972.02, Queens County, New York",25385,7692
1400000US36081097203,36081097203,"Census Tract 972.03, Queens County, New York",20629,5969
1400000US36081097204,36081097204,"Census Tract 972.04, Queens County, New York",42321,21957
1400000US36081097300,36081097300,"Census Tract 973, Queens County, New York",102727,35935
1400000US36081098100,36081098100,"Census Tract 981, Queens County, New York",74208,17287
1400000US36081098700,36081098700,"Census Tract 987, Queens County, New York",91207,11026
1400000US36081099100,36081099100,"Census Tract 991, Queens County, New York",94330,14514
1400000US36081099200,36081099200,"Census Tract 992, Queens County, New York",41554,14142
1400000US36081099701,36081099701,"Census Tract 997.01, Queens County, New York",69306,15611
1400000US36081099703,36081099703,"Census Tract 997.03, Queens County, New York",100018,14164
1400000US36081099704,36081099704,"Census Tract 997.04, Queens County, New York",67485,7902
1400000US36081099705,36081099705,"Census Tract 997.05, Queens County, New York",70313,50515
1400000US36081099801,36081099801,"Census Tract 998.01, Queens County, New York",58143,10446
1400000US36081099802,36081099802,"Census Tract 998.02, Queens County, New York",22223,8283
1400000US36081099900,36081099900,"Census Tract 999, Queens County, New York",-,**
1400000US36081100801,36081100801,"Census Tract 1008.01, Queens County, New York",80820,10413
1400000US36081100802,36081100802,"Census Tract 1008.02, Queens County, New York",57725,10587
1400000US36081101001,36081101001,"Census Tract 1010.01, Queens County, New York",24480,4107
1400000US36081101002,36081101002,"Census Tract 1010.02, Queens County, New York",27321,16964
1400000US36081101700,36081101700,"Census Tract 1017, Queens County, New York",62093,7984
1400000US36081102900,36081102900,"Census Tract 1029, Queens County, New York",64816,14336
1400000US36081103201,36081103201,"Census Tract 1032.01, Queens County, New York",29567,22874
1400000US36081103202,36081103202,"Census Tract 1032.02, Queens County, New York",66076,13000
1400000US36081103300,36081103300,"Census Tract 1033, Queens County, New York",76172,14580
1400000US36081103900,36081103900,"Census Tract 1039, Queens County, New York",82075,20902
1400000US36081104700,36081104700,"Census Tract 1047, Queens County, New York",53291,8317
1400000US36081105900,36081105900,"Census Tract 1059, Queens County, New York",80755,12060
1400000US36081107201,36081107201,"Census Tract 1072.01, Queens County, New York",70401,18524
1400000US36081107202,36081107202,"Census Tract 1072.02, Queens County, New York",-,**
1400000US36081108500,36081108500,"Census Tract 1085, Queens County, New York",58929,16048
1400000US36081109300,36081109300,"Census Tract 1093, Queens County, New York",103409,10822
1400000US36081109700,36081109700,"Census Tract 1097, Queens County, New York",92222,26633
1400000US36081109900,36081109900,"Census Tract 1099, Queens County, New York",76484,11899
1400000US36081111300,36081111300,"Census Tract 1113, Queens County, New York",79891,8434
1400000US36081112300,36081112300,"Census Tract 1123, Queens County, New York",65326,12649
1400000US36081112900,36081112900,"Census Tract 1129, Queens County, New York",77443,7429
1400000US36081113300,36081113300,"Census Tract 1133, Queens County, New York",83611,13030
1400000US36081113900,36081113900,"Census Tract 1139, Queens County, New York",60677,11449
1400000US36081114100,36081114100,"Census Tract 1141, Queens County, New York",101979,19288
1400000US36081114700,36081114700,"Census Tract 1147, Queens County, New York",80511,14151
1400000US36081115100,36081115100,"Census Tract 1151, Queens County, New York",72011,12788
1400000US36081115500,36081115500,"Census Tract 1155, Queens County, New York",79397,12624
1400000US36081115700,36081115700,"Census Tract 1157, Queens County, New York",52614,10237
1400000US36081115900,36081115900,"Census Tract 1159, Queens County, New York",61061,14778
1400000US36081116100,36081116100,"Census Tract 1161, Queens County, New York",50452,9476
1400000US36081116300,36081116300,"Census Tract 1163, Queens County, New York",38378,10425
1400000US36081116700,36081116700,"Census Tract 1167, Queens County, New York",42857,13320
1400000US36081117100,36081117100,"Census Tract 1171, Queens County, New York",42139,7823
1400000US36081117500,36081117500,"Census Tract 1175, Queens County, New York",63861,12279
1400000US36081118100,36081118100,"Census Tract 1181, Queens County, New York",61649,12105
1400000US36081118500,36081118500,"Census Tract 1185, Queens County, New York",54135,3246
1400000US36081118700,36081118700,"Census Tract 1187, Queens County, New York",55000,16357
1400000US36081118900,36081118900,"Census Tract 1189, Queens County, New York",79792,25116
1400000US36081119100,36081119100,"Census Tract 1191, Queens County, New York",57500,8371
1400000US36081119300,36081119300,"Census Tract 1193, Queens County, New York",51875,18366
1400000US36081119500,36081119500,"Census Tract 1195, Queens County, New York",80221,13200
1400000US36081119900,36081119900,"Census Tract 1199, Queens County, New York",76100,20589
1400000US36081120100,36081120100,"Census Tract 1201, Queens County, New York",45982,16846
1400000US36081120300,36081120300,"Census Tract 1203, Queens County, New York",71786,22984
1400000US36081120500,36081120500,"Census Tract 1205, Queens County, New York",25179,5059
1400000US36081120700,36081120700,"Census Tract 1207, Queens County, New York",85263,12622
1400000US36081121100,36081121100,"Census Tract 1211, Queens County, New York",-,**
1400000US36081121500,36081121500,"Census Tract 1215, Queens County, New York",64231,8336
1400000US36081122300,36081122300,"Census Tract 1223, Queens County, New York",70114,17889
1400000US36081122701,36081122701,"Census Tract 1227.01, Queens County, New York",50364,14069
1400000US36081122702,36081122702,"Census Tract 1227.02, Queens County, New York",20075,7599
1400000US36081124100,36081124100,"Census Tract 1241, Queens County, New York",61599,7942
1400000US36081124700,36081124700,"Census Tract 1247, Queens County, New York",80957,11642
1400000US36081125700,36081125700,"Census Tract 1257, Queens County, New York",52961,8814
1400000US36081126500,36081126500,"Census Tract 1265, Queens County, New York",63750,39250
1400000US36081126700,36081126700,"Census Tract 1267, Queens County, New York",78826,10035
1400000US36081127700,36081127700,"Census Tract 1277, Queens County, New York",101133,12933
1400000US36081128300,36081128300,"Census Tract 1283, Queens County, New York",49250,177163
1400000US36081129102,36081129102,"Census Tract 1291.02, Queens County, New York",97031,20609
1400000US36081129103,36081129103,"Census Tract 1291.03, Queens County, New York",69556,11187
1400000US36081129104,36081129104,"Census Tract 1291.04, Queens County, New York",86458,14971
1400000US36081130100,36081130100,"Census Tract 1301, Queens County, New York",71950,24654
1400000US36081133300,36081133300,"Census Tract 1333, Queens County, New York",89286,15048
1400000US36081133900,36081133900,"Census Tract 1339, Queens County, New York",100735,32886
1400000US36081134100,36081134100,"Census Tract 1341, Queens County, New York",87038,6121
1400000US36081134700,36081134700,"Census Tract 1347, Queens County, New York",53592,11503
1400000US36081136700,36081136700,"Census Tract 1367, Queens County, New York",63528,9737
1400000US36081137700,36081137700,"Census Tract 1377, Queens County, New York",64279,20313
1400000US36081138501,36081138501,"Census Tract 1385.01, Queens County, New York",64762,13919
1400000US36081138502,36081138502,"Census Tract 1385.02, Queens County, New York",-,**
1400000US36081139900,36081139900,"Census Tract 1399, Queens County, New York",82500,22652
1400000US36081140300,36081140300,"Census Tract 1403, Queens County, New York",76546,7976
1400000US36081140901,36081140901,"Census Tract 1409.01, Queens County, New York",80500,40984
1400000US36081140902,36081140902,"Census Tract 1409.02, Queens County, New York",95243,14922
1400000US36081141700,36081141700,"Census Tract 1417, Queens County, New York",77645,11629
1400000US36081142900,36081142900,"Census Tract 1429, Queens County, New York",71800,18582
1400000US36081143500,36081143500,"Census Tract 1435, Queens County, New York",76125,18246
1400000US36081144100,36081144100,"Census Tract 1441, Queens County, New York",87470,18546
1400000US36081144700,36081144700,"Census Tract 1447, Queens County, New York",77093,17834
1400000US36081145101,36081145101,"Census Tract 1451.01, Queens County, New York",63333,16863
1400000US36081145102,36081145102,"Census Tract 1451.02, Queens County, New York",86316,21824
1400000US36081145900,36081145900,"Census Tract 1459, Queens County, New York",73409,17035
1400000US36081146300,36081146300,"Census Tract 1463, Queens County, New York",74152,18403
1400000US36081146700,36081146700,"Census Tract 1467, Queens County, New York",62198,36727
1400000US36081147100,36081147100,"Census Tract 1471, Queens County, New York",69625,16726
1400000US36081147900,36081147900,"Census Tract 1479, Queens County, New York",83909,10712
1400000US36081148300,36081148300,"Census Tract 1483, Queens County, New York",109306,19442
1400000US36081150701,36081150701,"Census Tract 1507.01, Queens County, New York",86570,11875
1400000US36081150702,36081150702,"Census Tract 1507.02, Queens County, New York",69444,16072
1400000US36081152901,36081152901,"Census Tract 1529.01, Queens County, New York",87163,16971
1400000US36081152902,36081152902,"Census Tract 1529.02, Queens County, New York",82791,16153
1400000US36081155101,36081155101,"Census Tract 1551.01, Queens County, New York",61587,9507
1400000US36081155102,36081155102,"Census Tract 1551.02, Queens County, New York",79114,10666
1400000US36081156700,36081156700,"Census Tract 1567, Queens County, New York",101016,57845
1400000US36081157101,36081157101,"Census Tract 1571.01, Queens County, New York",78652,8040
1400000US36081157102,36081157102,"Census Tract 1571.02, Queens County, New York",71319,5191
1400000US36081157901,36081157901,"Census Tract 1579.01, Queens County, New York",78641,9360
1400000US36081157902,36081157902,"Census Tract 1579.02, Queens County, New York",89395,13621
1400000US36081157903,36081157903,"Census Tract 1579.03, Queens County, New York",81173,13954
1400000US36081161700,36081161700,"Census Tract 1617, Queens County, New York",88125,22212
1400000US36081162100,36081162100,"Census Tract 1621, Queens County, New York",74861,10959
1400000US36081990100,36081990100,"Census Tract 9901, Queens County, New York",-,**
